"filename", "language", "C#", "comment", "blank", "total"
"d:\游戏\YZKCardGame\YZKCardGame Unity2022\Assets\Script\Debug\Log.cs", "C#", 19, 4, 3, 26
"d:\游戏\YZKCardGame\YZKCardGame Unity2022\Assets\Script\Manager\CameraDragManager.cs", "C#", 64, 16, 9, 89
"d:\游戏\YZKCardGame\YZKCardGame Unity2022\Assets\Script\Manager\CardManager.cs", "C#", 284, 45, 30, 359
"d:\游戏\YZKCardGame\YZKCardGame Unity2022\Assets\Script\Manager\GameManager.cs", "C#", 51, 1, 15, 67
"d:\游戏\YZKCardGame\YZKCardGame Unity2022\Assets\Script\Manager\ManagerBase.cs", "C#", 24, 0, 0, 24
"d:\游戏\YZKCardGame\YZKCardGame Unity2022\Assets\Script\Manager\NetManager.cs", "C#", 339, 74, 24, 437
"d:\游戏\YZKCardGame\YZKCardGame Unity2022\Assets\Script\Manager\PlayerManager.cs", "C#", 100, 11, 22, 133
"d:\游戏\YZKCardGame\YZKCardGame Unity2022\Assets\Script\Manager\SceneLoaderManager.cs", "C#", 134, 22, 22, 178
"d:\游戏\YZKCardGame\YZKCardGame Unity2022\Assets\Script\Manager\TimerManager.cs", "C#", 52, 11, 7, 70
"d:\游戏\YZKCardGame\YZKCardGame Unity2022\Assets\Script\Manager\UIManager.cs", "C#", 67, 8, 20, 95
"d:\游戏\YZKCardGame\YZKCardGame Unity2022\Assets\Script\Manager\UITextManager.cs", "C#", 37, 21, 7, 65
"d:\游戏\YZKCardGame\YZKCardGame Unity2022\Assets\Script\Models\Card.cs", "C#", 21, 1, 4, 26
"d:\游戏\YZKCardGame\YZKCardGame Unity2022\Assets\Script\Models\Player.cs", "C#", 31, 1, 3, 35
"d:\游戏\YZKCardGame\YZKCardGame Unity2022\Assets\Script\Net\MessageDispatch.cs", "C#", 46, 10, 4, 60
"d:\游戏\YZKCardGame\YZKCardGame Unity2022\Assets\Script\Net\MessageDistributer.cs", "C#", 60, 28, 7, 95
"d:\游戏\YZKCardGame\YZKCardGame Unity2022\Assets\Script\Net\PackageHandler.cs", "C#", 60, 20, 8, 88
"d:\游戏\YZKCardGame\YZKCardGame Unity2022\Assets\Script\Net\ProtoBuf\NetMessage.cs", "C#", 406, 10, 68, 484
"d:\游戏\YZKCardGame\YZKCardGame Unity2022\Assets\Script\Scene\Card Setting\CardSettingBoard.cs", "C#", 82, 20, 16, 118
"d:\游戏\YZKCardGame\YZKCardGame Unity2022\Assets\Script\Scene\Card Setting\CardSettingCardInfo.cs", "C#", 52, 5, 10, 67
"d:\游戏\YZKCardGame\YZKCardGame Unity2022\Assets\Script\Scene\Card Setting\CardSettingChessInfo.cs", "C#", 31, 0, 5, 36
"d:\游戏\YZKCardGame\YZKCardGame Unity2022\Assets\Script\Scene\Card Setting\CardSettingController.cs", "C#", 14, 0, 5, 19
"d:\游戏\YZKCardGame\YZKCardGame Unity2022\Assets\Script\Scene\Card Setting\CardSettingUI.cs", "C#", 46, 3, 11, 60
"d:\游戏\YZKCardGame\YZKCardGame Unity2022\Assets\Script\Scene\Card Setting\CardSettingUI_AllCardsPanel.cs", "C#", 51, 4, 16, 71
"d:\游戏\YZKCardGame\YZKCardGame Unity2022\Assets\Script\Scene\Card Setting\CardSettingUI_OneCardPanel.cs", "C#", 200, 26, 34, 260
"d:\游戏\YZKCardGame\YZKCardGame Unity2022\Assets\Script\Scene\Game Scene\GameSceneController.cs", "C#", 10, 0, 3, 13
"d:\游戏\YZKCardGame\YZKCardGame Unity2022\Assets\Script\Scene\HallScene\HallSceneController.cs", "C#", 8, 0, 3, 11
"d:\游戏\YZKCardGame\YZKCardGame Unity2022\Assets\Script\Scene\HallScene\HallSceneUI.cs", "C#", 33, 0, 3, 36
"d:\游戏\YZKCardGame\YZKCardGame Unity2022\Assets\Script\Scene\Room Scene\RoomSceneController.cs", "C#", 12, 0, 5, 17
"d:\游戏\YZKCardGame\YZKCardGame Unity2022\Assets\Script\Scene\Room Scene\RoomSceneUI.cs", "C#", 109, 10, 16, 135
"d:\游戏\YZKCardGame\YZKCardGame Unity2022\Assets\Script\Scene\RuleScene\RuleSceneController.cs", "C#", 7, 0, 4, 11
"d:\游戏\YZKCardGame\YZKCardGame Unity2022\Assets\Script\Scene\RuleScene\RuleSceneUI.cs", "C#", 8, 0, 2, 10
"d:\游戏\YZKCardGame\YZKCardGame Unity2022\Assets\Script\Scene\SceneControllerBase.cs", "C#", 6, 6, 3, 15
"d:\游戏\YZKCardGame\YZKCardGame Unity2022\Assets\Script\Scene\Title Scene\TitleSceneController.cs", "C#", 10, 0, 5, 15
"d:\游戏\YZKCardGame\YZKCardGame Unity2022\Assets\Script\Scene\Title Scene\TitleSceneUI.cs", "C#", 41, 1, 9, 51
"d:\游戏\YZKCardGame\YZKCardGame Unity2022\Assets\Script\Service\RoomService.cs", "C#", 360, 55, 52, 467
"d:\游戏\YZKCardGame\YZKCardGame Unity2022\Assets\Script\Tool\CameraDragController.cs", "C#", 123, 16, 21, 160
"d:\游戏\YZKCardGame\YZKCardGame Unity2022\Assets\Script\Tool\Timer.cs", "C#", 68, 12, 9, 89
"d:\游戏\YZKCardGame\YZKCardGame Unity2022\Assets\Script\UI\UIMessagePanel.cs", "C#", 163, 23, 14, 200
"d:\游戏\YZKCardGame\YZKCardGame Unity2022\Assets\Script\UI\UIShield.cs", "C#", 39, 3, 8, 50
"d:\游戏\YZKCardGame\YZKCardGame Unity2022\Assets\Script\UI\UIText.cs", "C#", 160, 13, 27, 200
"d:\游戏\YZKCardGame\YZKCardGame Unity2022\Assets\Script\UI\UIprefab\UIBase.cs", "C#", 5, 0, 3, 8
"d:\游戏\YZKCardGame\YZKCardGame Unity2022\Assets\Script\UI\UIprefab\UIPopup.cs", "C#", 38, 4, 13, 55
"Total", "-", 3471, 484, 550, 4505